Security Group ID, Accepts Traffic From Security Group ID
sg-00855811fc34c973f, sg-0e0bb02ae49a41fff
sg-025f59fefce99aac6, sg-1793d56f
sg-030c832d4dad91339, sg-03002c41953652381
sg-041b51b6ec156d19e, sg-0df92ec6065e5856b
sg-0458187a70398a2f7, sg-0ccaaffe187bf63fc
sg-04d7a4a1db1e55edb, sg-00bcf09ba77a181cd
sg-04d7a4a1db1e55edb, sg-5343052b
sg-04d8ec032bd20f894, sg-03002c41953652381
sg-04d8ec032bd20f894, sg-03002c41953652381
sg-04d8ec032bd20f894, sg-03002c41953652381
sg-06facc616b2a85aed, sg-06facc616b2a85aed
sg-070a338e1d98f242d, sg-314d9349
sg-070a338e1d98f242d, sg-0d85e301528242d1e
sg-070a338e1d98f242d, sg-2208d65a
sg-070a338e1d98f242d, sg-314d9349
sg-070a338e1d98f242d, sg-c03ae4b8
sg-070a338e1d98f242d, sg-eb419f93
sg-070a338e1d98f242d, sg-2208d65a
sg-070a338e1d98f242d, sg-c03ae4b8
sg-07303861, sg-2208d65a
sg-07303861, sg-c03ae4b8
sg-07e93cc79c9ac40e8, sg-8c6fc1f5
sg-07e93cc79c9ac40e8, sg-0a449a72
sg-07e93cc79c9ac40e8, sg-2208d65a
sg-07e93cc79c9ac40e8, sg-81b05dfd
sg-08d8549db4e0c507c, sg-5a188022
sg-08d8549db4e0c507c, sg-0ccaaffe187bf63fc
sg-0af5f03ab9587584b, sg-00855811fc34c973f
sg-0c894a49295dcd33d, sg-05a4f198fd4c0e611
sg-0c894a49295dcd33d, sg-2208d65a
sg-0e61215dc1cea18f9, sg-03002c41953652381
sg-0e61215dc1cea18f9, sg-0ea0bd051fd874d71
sg-0e61215dc1cea18f9, sg-08d8549db4e0c507c
sg-0e96fc7f8a0734e98, sg-0d092bad11fdbc2ab
sg-0ea0bd051fd874d71, sg-0f201761483f68011
sg-0ea0bd051fd874d71, sg-04d8ec032bd20f894
sg-0ea0bd051fd874d71, sg-03002c41953652381
sg-0f0d9b3d1e3ff0a34, sg-0181e990acacea33c
sg-0f201761483f68011, sg-03002c41953652381
sg-0f4ef4b12216c2f38, sg-0281d7aad770f6bc3
sg-314d9349, sg-05a4f198fd4c0e611
sg-314d9349, sg-2208d65a
sg-314d9349, sg-05a4f198fd4c0e611
sg-32b6e457, sg-32b6e457
sg-5172862c, sg-757e8a08
sg-58e3813e, sg-58e3813e
sg-757e8a08, sg-5172862c
sg-7aa50802, sg-2208d65a
sg-81b05dfd, sg-2208d65a
sg-81b05dfd, sg-2208d65a
sg-b17e7cc8, sg-d47b79ad
sg-b48a50cd, sg-d47b79ad
sg-bb868cdd, sg-f6c6ce90
sg-bb868cdd, sg-646f221d
sg-bb868cdd, sg-8c6fc1f5
sg-bb8cffc2, sg-bb8cffc2
sg-d950c3a3, sg-6cad3e16
sg-d950c3a3, sg-6cad3e16
sg-d950c3a3, sg-6cad3e16
sg-d950c3a3, sg-6cad3e16
